[
    {
        "title": "snake",
        "image": "https://loremflickr.com/640/480/animals",
        "price": 66,
        "country": "Madagascar",
        "id": "1"
    },
    {
        "title": "cat",
        "image": "https://loremflickr.com/640/480/animals",
        "price": 86,
        "country": "Nicaragua",
        "id": "2"
    },
    {
        "title": "crocodilia",
        "image": "https://loremflickr.com/640/480/animals",
        "price": 16,
        "country": "Venezuela",
        "id": "3"
    },
    {
        "title": "snake",
        "image": "https://loremflickr.com/640/480/animals",
        "price": 28,
        "country": "Virgin Islands, British",
        "id": "4"
    },
    {
        "title": "cetacean",
        "image": "https://loremflickr.com/640/480/animals",
        "price": 63,
        "country": "Brazil",
        "id": "5"
    },
    {
        "title": "horse",
        "image": "https://loremflickr.com/640/480/animals",
        "price": 83,
        "country": "Bahamas",
        "id": "6"
    },
    {
        "title": "lion",
        "image": "https://loremflickr.com/640/480/animals",
        "price": 67,
        "country": "Nigeria",
        "id": "7"
    },
    {
        "title": "rabbit",
        "image": "https://loremflickr.com/640/480/animals",
        "price": 85,
        "country": "Hungary",
        "id": "8"
    },
    {
        "title": "fish",
        "image": "https://loremflickr.com/640/480/animals",
        "price": 6,
        "country": "Kiribati",
        "id": "9"
    },
    {
        "title": "bird",
        "image": "https://loremflickr.com/640/480/animals",
        "price": 58,
        "country": "Hungary",
        "id": "10"
    },
    {
        "title": "insect",
        "image": "https://loremflickr.com/640/480/animals",
        "price": 43,
        "country": "Cameroon",
        "id": "11"
    },
    {
        "title": "horse",
        "image": "https://loremflickr.com/640/480/animals",
        "price": 63,
        "country": "Sierra Leone",
        "id": "12"
    },
    {
        "title": "cetacean",
        "image": "https://loremflickr.com/640/480/animals",
        "price": 20,
        "country": "Cape Verde",
        "id": "13"
    },
    {
        "title": "cetacean",
        "image": "https://loremflickr.com/640/480/animals",
        "price": 63,
        "country": "Fiji",
        "id": "14"
    },
    {
        "title": "cat",
        "image": "https://loremflickr.com/640/480/animals",
        "price": 75,
        "country": "Tuvalu",
        "id": "15"
    },
    {
        "title": "bird",
        "image": "https://loremflickr.com/640/480/animals",
        "price": 50,
        "country": "Costa Rica",
        "id": "16"
    },
    {
        "title": "bird",
        "image": "https://loremflickr.com/640/480/animals",
        "price": 71,
        "country": "Madagascar",
        "id": "17"
    },
    {
        "title": "cetacean",
        "image": "https://loremflickr.com/640/480/animals",
        "price": 93,
        "country": "Republic of Korea",
        "id": "18"
    },
    {
        "title": "fish",
        "image": "https://loremflickr.com/640/480/animals",
        "price": 36,
        "country": "Cameroon",
        "id": "19"
    },
    {
        "title": "rabbit",
        "image": "https://loremflickr.com/640/480/animals",
        "price": 42,
        "country": "Czech Republic",
        "id": "20"
    },
    {
        "title": "lion",
        "image": "https://loremflickr.com/640/480/animals",
        "price": 96,
        "country": "Netherlands",
        "id": "21"
    },
    {
        "title": "cetacean",
        "image": "https://loremflickr.com/640/480/animals",
        "price": 82,
        "country": "Kuwait",
        "id": "22"
    },
    {
        "title": "snake",
        "image": "https://loremflickr.com/640/480/animals",
        "price": 65,
        "country": "Palestinian Territory",
        "id": "23"
    },
    {
        "title": "bear",
        "image": "https://loremflickr.com/640/480/animals",
        "price": 19,
        "country": "Turkey",
        "id": "24"
    },
    {
        "title": "cat",
        "image": "https://loremflickr.com/640/480/animals",
        "price": 67,
        "country": "South Georgia and the South Sandwich Islands",
        "id": "25"
    },
    {
        "title": "bear",
        "image": "https://loremflickr.com/640/480/animals",
        "price": 64,
        "country": "Belarus",
        "id": "26"
    },
    {
        "title": "bird",
        "image": "https://loremflickr.com/640/480/animals",
        "price": 81,
        "country": "Netherlands",
        "id": "27"
    },
    {
        "title": "bear",
        "image": "https://loremflickr.com/640/480/animals",
        "price": 55,
        "country": "Malta",
        "id": "28"
    },
    {
        "title": "snake",
        "image": "https://loremflickr.com/640/480/animals",
        "price": 25,
        "country": "Haiti",
        "id": "29"
    },
    {
        "title": "fish",
        "image": "https://loremflickr.com/640/480/animals",
        "price": 47,
        "country": "United States of America",
        "id": "30"
    },
    {
        "title": "cetacean",
        "image": "https://loremflickr.com/640/480/animals",
        "price": 81,
        "country": "Yemen",
        "id": "31"
    },
    {
        "title": "lion",
        "image": "https://loremflickr.com/640/480/animals",
        "price": 77,
        "country": "Panama",
        "id": "32"
    },
    {
        "title": "snake",
        "image": "https://loremflickr.com/640/480/animals",
        "price": 32,
        "country": "Sudan",
        "id": "33"
    },
    {
        "title": "fish",
        "image": "https://loremflickr.com/640/480/animals",
        "price": 98,
        "country": "Latvia",
        "id": "34"
    },
    {
        "title": "fish",
        "image": "https://loremflickr.com/640/480/animals",
        "price": 54,
        "country": "Sao Tome and Principe",
        "id": "35"
    },
    {
        "title": "rabbit",
        "image": "https://loremflickr.com/640/480/animals",
        "price": 18,
        "country": "Romania",
        "id": "36"
    },
    {
        "title": "lion",
        "image": "https://loremflickr.com/640/480/animals",
        "price": 24,
        "country": "Jersey",
        "id": "37"
    },
    {
        "title": "horse",
        "image": "https://loremflickr.com/640/480/animals",
        "price": 84,
        "country": "Panama",
        "id": "38"
    },
    {
        "title": "insect",
        "image": "https://loremflickr.com/640/480/animals",
        "price": 26,
        "country": "Nepal",
        "id": "39"
    },
    {
        "title": "cow",
        "image": "https://loremflickr.com/640/480/animals",
        "price": 17,
        "country": "Zambia",
        "id": "40"
    },
    {
        "title": "lion",
        "image": "https://loremflickr.com/640/480/animals",
        "price": 28,
        "country": "Kazakhstan",
        "id": "41"
    },
    {
        "title": "horse",
        "image": "https://loremflickr.com/640/480/animals",
        "price": 86,
        "country": "Christmas Island",
        "id": "42"
    },
    {
        "title": "snake",
        "image": "https://loremflickr.com/640/480/animals",
        "price": 49,
        "country": "Ghana",
        "id": "43"
    },
    {
        "title": "cow",
        "image": "https://loremflickr.com/640/480/animals",
        "price": 88,
        "country": "Sri Lanka",
        "id": "44"
    },
    {
        "title": "rabbit",
        "image": "https://loremflickr.com/640/480/animals",
        "price": 39,
        "country": "Cuba",
        "id": "45"
    },
    {
        "title": "insect",
        "image": "https://loremflickr.com/640/480/animals",
        "price": 8,
        "country": "Sudan",
        "id": "46"
    },
    {
        "title": "bear",
        "image": "https://loremflickr.com/640/480/animals",
        "price": 74,
        "country": "Denmark",
        "id": "47"
    },
    {
        "title": "crocodilia",
        "image": "https://loremflickr.com/640/480/animals",
        "price": 3,
        "country": "Cocos (Keeling) Islands",
        "id": "48"
    },
    {
        "title": "dog",
        "image": "https://loremflickr.com/640/480/animals",
        "price": 39,
        "country": "Western Sahara",
        "id": "49"
    },
    {
        "title": "insect",
        "image": "https://loremflickr.com/640/480/animals",
        "price": 22,
        "country": "Bulgaria",
        "id": "50"
    },
    {
        "title": "insect",
        "image": "https://loremflickr.com/640/480/animals",
        "price": 35,
        "country": "Virgin Islands, British",
        "id": "51"
    },
    {
        "title": "insect",
        "image": "https://loremflickr.com/640/480/animals",
        "price": 81,
        "country": "Niger",
        "id": "52"
    },
    {
        "title": "fish",
        "image": "https://loremflickr.com/640/480/animals",
        "price": 88,
        "country": "San Marino",
        "id": "53"
    },
    {
        "title": "bear",
        "image": "https://loremflickr.com/640/480/animals",
        "price": 38,
        "country": "Democratic People's Republic of Korea",
        "id": "54"
    },
    {
        "title": "cow",
        "image": "https://loremflickr.com/640/480/animals",
        "price": 57,
        "country": "Saint Vincent and the Grenadines",
        "id": "55"
    },
    {
        "title": "bird",
        "image": "https://loremflickr.com/640/480/animals",
        "price": 77,
        "country": "Benin",
        "id": "56"
    },
    {
        "title": "cat",
        "image": "https://loremflickr.com/640/480/animals",
        "price": 33,
        "country": "Pakistan",
        "id": "57"
    },
    {
        "title": "rabbit",
        "image": "https://loremflickr.com/640/480/animals",
        "price": 30,
        "country": "Solomon Islands",
        "id": "58"
    },
    {
        "title": "fish",
        "image": "https://loremflickr.com/640/480/animals",
        "price": 98,
        "country": "Mayotte",
        "id": "59"
    },
    {
        "title": "cat",
        "image": "https://loremflickr.com/640/480/animals",
        "price": 100,
        "country": "Turkmenistan",
        "id": "60"
    },
    {
        "title": "snake",
        "image": "https://loremflickr.com/640/480/animals",
        "price": 68,
        "country": "Kenya",
        "id": "61"
    },
    {
        "title": "bird",
        "image": "https://loremflickr.com/640/480/animals",
        "price": 21,
        "country": "Antarctica (the territory South of 60 deg S)",
        "id": "62"
    },
    {
        "title": "dog",
        "image": "https://loremflickr.com/640/480/animals",
        "price": 61,
        "country": "Saint Lucia",
        "id": "63"
    },
    {
        "title": "cow",
        "image": "https://loremflickr.com/640/480/animals",
        "price": 43,
        "country": "Spain",
        "id": "64"
    },
    {
        "title": "cetacean",
        "image": "https://loremflickr.com/640/480/animals",
        "price": 5,
        "country": "Djibouti",
        "id": "65"
    },
    {
        "title": "fish",
        "image": "https://loremflickr.com/640/480/animals",
        "price": 32,
        "country": "Isle of Man",
        "id": "66"
    },
    {
        "title": "cat",
        "image": "https://loremflickr.com/640/480/animals",
        "price": 19,
        "country": "Sao Tome and Principe",
        "id": "67"
    },
    {
        "title": "fish",
        "image": "https://loremflickr.com/640/480/animals",
        "price": 17,
        "country": "Cayman Islands",
        "id": "68"
    },
    {
        "title": "fish",
        "image": "https://loremflickr.com/640/480/animals",
        "price": 67,
        "country": "Palau",
        "id": "69"
    },
    {
        "title": "lion",
        "image": "https://loremflickr.com/640/480/animals",
        "price": 91,
        "country": "Niger",
        "id": "70"
    },
    {
        "title": "dog",
        "image": "https://loremflickr.com/640/480/animals",
        "price": 18,
        "country": "Netherlands Antilles",
        "id": "71"
    },
    {
        "title": "horse",
        "image": "https://loremflickr.com/640/480/animals",
        "price": 0,
        "country": "Montserrat",
        "id": "72"
    },
    {
        "title": "lion",
        "image": "https://loremflickr.com/640/480/animals",
        "price": 32,
        "country": "Bolivia",
        "id": "73"
    },
    {
        "title": "cow",
        "image": "https://loremflickr.com/640/480/animals",
        "price": 10,
        "country": "Ghana",
        "id": "74"
    },
    {
        "title": "dog",
        "image": "https://loremflickr.com/640/480/animals",
        "price": 82,
        "country": "Maldives",
        "id": "75"
    },
    {
        "title": "cetacean",
        "image": "https://loremflickr.com/640/480/animals",
        "price": 31,
        "country": "Belize",
        "id": "76"
    },
    {
        "title": "horse",
        "image": "https://loremflickr.com/640/480/animals",
        "price": 2,
        "country": "Liberia",
        "id": "77"
    },
    {
        "title": "lion",
        "image": "https://loremflickr.com/640/480/animals",
        "price": 3,
        "country": "Norfolk Island",
        "id": "78"
    },
    {
        "title": "bear",
        "image": "https://loremflickr.com/640/480/animals",
        "price": 3,
        "country": "Uganda",
        "id": "79"
    },
    {
        "title": "horse",
        "image": "https://loremflickr.com/640/480/animals",
        "price": 83,
        "country": "Netherlands",
        "id": "80"
    },
    {
        "title": "snake",
        "image": "https://loremflickr.com/640/480/animals",
        "price": 15,
        "country": "Togo",
        "id": "81"
    },
    {
        "title": "bear",
        "image": "https://loremflickr.com/640/480/animals",
        "price": 80,
        "country": "Liechtenstein",
        "id": "82"
    },
    {
        "title": "snake",
        "image": "https://loremflickr.com/640/480/animals",
        "price": 97,
        "country": "Kiribati",
        "id": "83"
    },
    {
        "title": "crocodilia",
        "image": "https://loremflickr.com/640/480/animals",
        "price": 81,
        "country": "Morocco",
        "id": "84"
    },
    {
        "title": "cat",
        "image": "https://loremflickr.com/640/480/animals",
        "price": 98,
        "country": "Namibia",
        "id": "85"
    },
    {
        "title": "cetacean",
        "image": "https://loremflickr.com/640/480/animals",
        "price": 94,
        "country": "Gambia",
        "id": "86"
    },
    {
        "title": "cat",
        "image": "https://loremflickr.com/640/480/animals",
        "price": 62,
        "country": "Angola",
        "id": "87"
    },
    {
        "title": "cetacean",
        "image": "https://loremflickr.com/640/480/animals",
        "price": 48,
        "country": "Belarus",
        "id": "88"
    },
    {
        "title": "lion",
        "image": "https://loremflickr.com/640/480/animals",
        "price": 49,
        "country": "Macedonia",
        "id": "89"
    },
    {
        "title": "fish",
        "image": "https://loremflickr.com/640/480/animals",
        "price": 34,
        "country": "Timor-Leste",
        "id": "90"
    },
    {
        "title": "lion",
        "image": "https://loremflickr.com/640/480/animals",
        "price": 47,
        "country": "Tonga",
        "id": "91"
    },
    {
        "title": "dog",
        "image": "https://loremflickr.com/640/480/animals",
        "price": 39,
        "country": "Nigeria",
        "id": "92"
    },
    {
        "title": "bird",
        "image": "https://loremflickr.com/640/480/animals",
        "price": 86,
        "country": "Grenada",
        "id": "93"
    },
    {
        "title": "rabbit",
        "image": "https://loremflickr.com/640/480/animals",
        "price": 74,
        "country": "Bouvet Island (Bouvetoya)",
        "id": "94"
    },
    {
        "title": "lion",
        "image": "https://loremflickr.com/640/480/animals",
        "price": 65,
        "country": "Belize",
        "id": "95"
    },
    {
        "title": "dog",
        "image": "https://loremflickr.com/640/480/animals",
        "price": 3,
        "country": "South Georgia and the South Sandwich Islands",
        "id": "96"
    },
    {
        "title": "cetacean",
        "image": "https://loremflickr.com/640/480/animals",
        "price": 83,
        "country": "Malta",
        "id": "97"
    },
    {
        "title": "bear",
        "image": "https://loremflickr.com/640/480/animals",
        "price": 30,
        "country": "Malta",
        "id": "98"
    },
    {
        "title": "horse",
        "image": "https://loremflickr.com/640/480/animals",
        "price": 63,
        "country": "Egypt",
        "id": "99"
    },
    {
        "title": "bear",
        "image": "https://loremflickr.com/640/480/animals",
        "price": 26,
        "country": "Paraguay",
        "id": "100"
    }
]